domain,agency,status,redirect,valid,sitemap,allowed,source
cipmcjk.nic.in,"Central Integrated Pest Management Centre (CIPMC)",404,"http://www.cipmcjk.nic.in/",false,"null",false,undefined
ciae.nic.in,"Central Institute of Agricultural Engineering (CIAE)",500,"http://www.ciae.nic.in/",false,"null",false,undefined
cihner.gov.in,"Central Institute of Horticulture - Nagaland",200,"https://cihner.gov.in/robots.txt",true,"null",true,robots.txt
csgrc.res.in,"Central Sericultural Germplasm Resources Centre (CSGRC) - Hosur - Tamilnadu",404,"https://csgrc.res.in/robots.txt",false,"null",false,false
cibrc.gov.in,"Central Insecticides Board and Registration Committee",500,"http://www.cibrc.gov.in/",false,"null",false,undefined
cfqcti.dacnet.nic.in,"Central Fertilizer Quality Control and Training Institute",500,"http://www.cfqcti.dacnet.nic.in/",false,"null",false,undefined
fmttibudni.gov.in,"Central Farm Machinery Training and Testing Institute - Budni",500,"https://fmttibudni.gov.in/",false,"null",false,undefined
cish.res.in,"Central Institute for Subtropical Horticulture (CISH) - Lucknow - Uttar Pradesh",500,"http://www.cish.res.in/",false,"null",false,undefined
cau.ac.in,"Central Agricultural University - Imphal - Manipur",200,"https://cau.ac.in/robots.txt",true,"null",true,robots.txt
spicebioinfo.res.in,"Bioinformatics Centre - Indian Institute of Spices Research (IISR) - Calicut",500,"http://www.spicebioinfo.res.in/",false,"null",false,undefined
jkapd.nic.in,"Agriculture Production Department - Jammu and Kashmir",404,"https://jkapd.nic.in/robots.txt",false,"null",false,false
krishiutpadan.up.nic.in,"Agriculture Production Commissioner - Uttar Pradesh",500,"http://www.krishiutpadan.up.nic.in/",false,"null",false,undefined
agmarknet.gov.in,"Agriculture Marketing Information System Network (AGMARKNET)",200,"https://agmarknet.gov.in/Error.aspx?aspxerrorpath=/robots.txt",true,"null",true,robots.txt
cgwb.gov.in,"Central Ground Water Board - Northern Region - Lucknow",200,"https://cgwb.gov.in/robots.txt",true,"null",true,robots.txt
agri.gujarat.gov.in,"Agriculture - Farmers Welfare and Cooperation Department - Gujarat",404,"https://agri.gujarat.gov.in/robots.txt",true,"null",true,false
agriculture.uk.gov.in,"Agriculture Department - Uttarakhand",404,"https://agriculture.uk.gov.in/robots.txt",false,"null",false,false
agri.py.gov.in,"Agriculture Department - Puducherry",404,"https://agri.py.gov.in/robots.txt",false,"null",false,false
agringl.nic.in,"Agriculture Department - Nagaland",500,"http://www.agringl.nic.in/",false,"null",false,undefined
agriculturemizoram.nic.in,"Agriculture Department - Mizoram",404,"https://agriculturemizoram.nic.in/robots.txt",false,"null",false,false
megagriculture.gov.in,"Agriculture Department - Meghalaya",404,"https://megagriculture.gov.in/robots.txt",false,"null",false,false
agri.tripura.gov.in,"Agriculture Department - Tripura",200,"https://agri.tripura.gov.in/robots.txt",true,"null",true,robots.txt
krishi.rajasthan.gov.in,"Agriculture Department - Krishi - Rajasthan",500,"http://www.krishi.rajasthan.gov.in/",false,"null",false,undefined
raitamitra.kar.nic.in,"Agriculture Department - Karnataka",500,"http://www.raitamitra.kar.nic.in/",false,"null",false,undefined
diragrijmu.nic.in,"Agriculture Department - Jammu and Kashmir",500,"http://www.diragrijmu.nic.in/",false,"null",false,undefined
hpagriculture.com,"Agriculture Department - Himachal Pradesh",403,"https://aps-csb.in/",false,"null",false,undefined
agriharyana.gov.in,"Agriculture Department - Haryana",404,"https://agriharyana.gov.in/robots.txt",false,"null",false,false
krishi.bih.nic.in,"Agriculture Department - Bihar",500,"http://www.krishi.bih.nic.in/",false,"null",false,undefined
agri.and.nic.in,"Agriculture Department - Andaman and Nicobar",404,"https://agri.and.nic.in/robots.txt",false,"null",false,false
krishi.maharashtra.gov.in,"Agriculture Department - Maharashtra",200,"https://krishi.maharashtra.gov.in/App_Error.aspx?ErrorCode=404",false,"null",false,false
atmakohima.nic.in,"Agricultural Technology Management Agency (ATMA) - Kohima - Nagaland",500,"http://www.atmakohima.nic.in/",false,"null",false,undefined
jharkhand.gov.in,"Agriculture - Animal Husbandry and Co-operative Department - Jharkhand",200,"https://jharkhand.gov.in/robots.txt",true,"null",true,robots.txt
atma.gujarat.gov.in,"Agricultural Technology Management Agency (ATMA) Directorate and SAMETI - Gujarat",404,"https://atma.gujarat.gov.in/robots.txt",true,"null",true,false
atic-icarneh.nic.in,"Agricultural Technology Information Centre (ATIC)",500,"http://www.atic-icarneh.nic.in/",false,"null",false,undefined
asrb.org.in,"Agricultural Scientists Recruitment Board (ASRB) - New Delhi",404,"https://asrb.org.in/robots.txt",false,"null",false,false
megapib.nic.in,"Agricultural Planning and Information Bank(APIB) - East Khasi Hills District - Meghalaya",500,"http://www.megapib.nic.in/",false,"null",false,undefined
imdagrimet.gov.in,"Agricultural Meteorology Division",404,"https://imdagrimet.gov.in/robots.txt",false,"null",false,false
biotechcommission.kerala.gov.in,"Biotechnology Commission - Kerala",500,"http://www.biotechcommission.kerala.gov.in/",false,"null",false,undefined
krishimaratavahini.kar.nic.in,"Agricultural Marketing Department - Karnataka",500,"http://www.krishimaratavahini.kar.nic.in/",false,"null",false,undefined
agrimarketing.telangana.gov.in,"Agricultural Marketing Department - Telangana",404,"http://www.agrimarketing.telangana.gov.in/",false,"null",false,undefined
yas.gov.in," Youth Affairs and Sports",500,"https://www.yas.gov.in/",false,"null",false,undefined
jkatma.nic.in,"Agricultural Technology Management Agency (ATMA) - Government of Jammu and Kashmir",500,"http://www.jkatma.nic.in/",false,"null",false,undefined
alabama.gov,"State of Alabama",200,"https://www.alabama.gov/robots.txt",true,"null",true,robots.txt
data.gov.in,"Open Government Data Platform India",200,"https://www.data.gov.in/robots.txt",true,"null",true,robots.txt